main_question,golden_answer,selected_documents,sub_question_1,sub_question_2,sub_question_3
What is the purpose of agent modeling when designing adaptive policies for intelligent machine agents in multi-agent systems?,"Agent modeling is the means by which the controlled agent (ego agent) understands other agents’ (modeled agents) behavior and extracts their meaningful policy representations, which can be used to enhance the ego agent’s adaptive policy trained by reinforcement learning.",doc_0_0,What is agent modeling in the context of multi-agent systems?,How does agent modeling contribute to the design of adaptive policies for intelligent machine agents?,What is the purpose of agent modeling for adaptive policies in multi-agent systems?
What are the constrictive assumptions typically made by existing agent modeling approaches that the authors seek to remove?,Existing agent modeling approaches typically assume the availability of local observations from modeled agents during training or a long observation trajectory for policy adaption.,doc_0_0,What are the existing agent modeling approaches?,What are the typical constrictive assumptions made by these agent modeling approaches?,Which of these constrictive assumptions do the authors seek to remove?
What specific observations does the Contrastive Learning-based Agent Modeling (CLAM) method rely on during training and execution?,The Contrastive Learning-based Agent Modeling (CLAM) method relies only on the local observations from the ego agent during training and execution.,doc_0_1,What specific observations does the Contrastive Learning-based Agent Modeling (CLAM) method rely on during training?,What specific observations does the Contrastive Learning-based Agent Modeling (CLAM) method rely on during execution?,What specific observations does the Contrastive Learning-based Agent Modeling (CLAM) method rely on?
By what minimum percentage does the CLAM approach improve reinforcement learning performance in cooperative and competitive tasks?,The CLAM approach improves reinforcement learning performance by at least 28% on cooperative and competitive tasks.,doc_0_1,What is the minimum percentage improvement of the CLAM approach in cooperative reinforcement learning tasks?,What is the minimum percentage improvement of the CLAM approach in competitive reinforcement learning tasks?,What is the overall minimum percentage improvement of the CLAM approach across both cooperative and competitive reinforcement learning tasks?
What is the primary objective of agent modeling in the context of multi-agent systems?,"The primary objective of agent modeling is to develop computational models to infer and comprehend the behaviors and policies of different agents, which plays a significant role in creating intelligent machine agents with adaptive policies for multi-agent systems.",doc_0_2,What is agent modeling?,What is the context of multi-agent systems?,What is the primary objective of agent modeling in this context?
What specific challenge in multi-agent environments has made agent modeling a key research topic?,Maintaining effective and flexible responses when facing different types of agents in a multi-agent environment is the challenge that has made agent modeling a key research topic.,doc_0_2,What are multi-agent environments?,What is agent modeling?,What specific challenge in multi-agent environments has made agent modeling a key research topic?
What role does comprehending the behaviors and policies of different agents play in the creation of intelligent machine agents for multi-agent systems?,"Comprehending the behaviors and policies of different agents plays a significant role in creating intelligent machine agents with adaptive policies for multi-agent systems, as it enables the controlled agent (ego agent) to acquire a more profound comprehension and prediction.",doc_0_3,How does comprehending the behaviors of different agents contribute to the creation of intelligent machine agents?,How does comprehending the policies of different agents contribute to the creation of intelligent machine agents?,What is the role of comprehending these behaviors and policies specifically within the context of multi-agent systems?
Which university and center are the authors affiliated with?,The authors are affiliated with the Australian AI Centre and the University of Technology Sydney.,doc_0_3,Who are the authors?,Which university are the authors affiliated with?,Which center are the authors affiliated with?
What is the purpose of an ego agent acquiring a more profound comprehension and prediction of the policies of modeled agents?,This capacity can be utilized to augment the decision-making process and empower the ego agent to adapt its behavior in accordance with the policies of the modeled agents.,doc_0_4,What is the purpose of an ego agent acquiring a profound comprehension of the policies of modeled agents?,What is the purpose of an ego agent predicting the policies of modeled agents?,What is the purpose of an ego agent combining comprehension and prediction of the policies of modeled agents?
"How is 'context information' generated in existing agent modeling approaches, and how is it used to train adaptive policies?","In existing agent modeling approaches, context information is generated by using deep neural network models to create distinctive policy representations from observation signals of both the ego agent and the modeled agents. This context information is then combined with the ego agent's real-time observation signals to train adaptive policies for cooperating or competing with other agents.",doc_0_4,What are the existing agent modeling approaches used to generate context information?,How is context information generated within these agent modeling approaches?,How is the generated context information used to train adaptive policies?
"How are ""context information"" presentations used to train adaptive policies for cooperating or competing with other agents?",Context information presentations are combined with the ego agent’s real-time observation signals to train adaptive policies for cooperating or competing with other agents via reinforcement learning.,doc_0_5,How is context information presented to train adaptive policies?,How are context information presentations used to train adaptive policies for cooperating with other agents?,How are context information presentations used to train adaptive policies for competing with other agents?
Why does the LIAM model rely solely on the ego agent's local observation during the execution phase?,"The LIAM model relies solely on the ego agent's local observation during execution because, during the training phase, it feeds the ego agent's local observations into the encoder and reconstructs the local observation of the modeled agent, which builds the predictive capability of the ego agent regarding the policies of modeled agents.",doc_0_5,What is the execution phase of the LIAM model?,What constitutes the ego agent's local observation in the LIAM model?,Why does the LIAM model rely solely on the ego agent's local observation during the execution phase?
"In the context of human-autonomy collaboration, what is the difficulty ego agents face regarding observational information for agent modeling tasks?","In human-autonomy collaboration, it is difficult for ego agents to obtain observational information from a human’s perspective for agent modeling tasks.",doc_0_6,What is the role of observational information in agent modeling tasks within human-autonomy collaboration?,How do ego agents utilize observational information for agent modeling tasks?,What specific difficulties do ego agents face regarding the observational information used in these tasks?
Which components and strategies does the proposed self-supervised representation learning method utilize to encode local observation trajectories and identify representative trajectory features?,"The proposed self-supervised representation learning method utilizes an attention mechanism and an attention-based policy encoder to encode the ego agent's local observation trajectories, and it employs contrastive learning with an asymmetric sample augmentation strategy to identify the most representative trajectory features.",doc_0_6,Which components does the proposed self-supervised representation learning method utilize to encode local observation trajectories?,Which strategies does the proposed self-supervised representation learning method utilize to encode local observation trajectories?,Which components and strategies does the proposed self-supervised representation learning method utilize to identify representative trajectory features?
What is produced by the proposed method based on the interaction between the ego agent and modeled agents?,The proposed method produces differentiated policy representation embeddings of modeled agents based on the interaction between the ego agent and modeled agents.,doc_0_7,What is produced by the proposed method?,What is the interaction between the ego agent and the modeled agents?,How does the interaction between the ego agent and modeled agents influence what is produced by the proposed method?
What are the components that make up the Contrastive Learning-based Agent Modeling (CLAM) model?,The Contrastive Learning-based Agent Modeling (CLAM) model consists of a Transformer encoder module and an attention pooling.,doc_0_7,What are the individual components of the CLAM model?,How does the contrastive learning component function within the CLAM model?,How does the agent modeling component function within the CLAM model?
What is the purpose of employing the attention mechanism within the Transformer encoder and attention pooling modules of the CLAM model?,"The employment of the attention mechanism in the Transformer encoder and attention pooling modules enables CLAM to dynamically allocate weights to different parts of the observation sequence data based on their importance, which significantly enhances the model’s capability to capture the most representative feature elements during the feature representation and aggregation stages.",doc_0_8,What is the purpose of employing the attention mechanism in the Transformer encoder of the CLAM model?,What is the purpose of employing the attention mechanism in the attention pooling modules of the CLAM model?,Why is the attention mechanism employed in both the Transformer encoder and attention pooling modules of the CLAM model?
How does the asymmetric sample augmentation strategy used in CLAM's self-supervised contrastive learning compare to symmetric sample augmentation techniques in terms of policy representations?,The asymmetric sample augmentation strategy used in CLAM produces better policy representations than those produced through symmetric sample augmentation techniques.,doc_0_8,What is the asymmetric sample augmentation strategy used in CLAM's self-supervised contrastive learning?,What are symmetric sample augmentation techniques in the context of contrastive learning?,How do asymmetric and symmetric sample augmentation strategies compare in terms of policy representations?
What are the benefits of the unified training architecture that concurrently trains the agent modeling model and the reinforcement learning model?,"The unified training architecture concurrently trains the agent modeling model and reinforcement learning model, resulting in a more concise, efficient, and easily deployable framework.",doc_0_9,What are the benefits of the unified training architecture for the agent modeling model?,What are the benefits of the unified training architecture for the reinforcement learning model?,What are the advantages of concurrently training the agent modeling model and the reinforcement learning model?
How does agent modeling (or opponent modeling) enable an ego agent to improve its decision-making process within multi-agent systems?,"Agent modeling (or opponent modeling) enables an ego agent to acquire a deeper comprehension and prediction of the policies of other agents (modeled agents) in the system, which can be used to augment the decision-making process and empower the ego agent to adapt its behavior in accordance with the policies of the modeled agents.",doc_0_9,What is the role of agent modeling within multi-agent systems?,How does an ego agent incorporate opponent modeling into its decision-making process?,In what ways does agent modeling improve the decision-making process of an ego agent in multi-agent systems?
What are the two networks used by the Theory of mind Network (TomNet) to efficiently infer the goals of modeled agents?,The Theory of mind Network (TomNet) used two networks called character net and mental net to infer the goals of modeled agent efficiently.,doc_0_10,What is the Theory of mind Network (TomNet)?,How does the Theory of mind Network (TomNet) infer the goals of modeled agents?,What are the two networks used by the Theory of mind Network (TomNet) to efficiently infer these goals?
How does the encoder-decoder architecture used in [8] differ from the one proposed in [7] in terms of leveraging observation information?,"The encoder-decoder architecture in [8] uses a recurrent encoder to better leverage historical observation information, whereas the architecture in [7] embeds the input observation trajectory into feature vectors in a point-wise manner and uses the average pooling method to generate the representation of the trajectory.",doc_0_10,How does the encoder-decoder architecture proposed in [7] leverage observation information?,How does the encoder-decoder architecture used in [8] leverage observation information?,What are the specific differences between the encoder-decoder architectures of [7] and [8] in their approach to leveraging observation information?
How does the authors' approach to policy adaptation differ from existing agent modeling approaches?,"The authors' approach differs from existing agent modeling approaches in that it only relies on observations from the ego agent and adapts the ego agent's policy within a few steps, whereas existing approaches either assume a long observation trajectory for policy adaptation or the availability of local observations from other agents during training.",doc_0_11,What is the authors' approach to policy adaptation?,What are the existing agent modeling approaches to policy adaptation?,In what ways does the authors' approach to policy adaptation differ from these existing agent modeling approaches?
What is the primary purpose of representation learning as an auxiliary task in reinforcement learning?,"The primary purpose of representation learning as an auxiliary task in reinforcement learning is to transform high-dimensional, complicated observation signals into low-dimensional, informative, and compact feature representations, thereby enhancing the efficiency and effectiveness of policy training in complex environments.",doc_0_11,What is representation learning in reinforcement learning?,What is an auxiliary task in reinforcement learning?,What is the primary purpose of representation learning as an auxiliary task in reinforcement learning?
How does the reconstruction-based representation learning method described in [13] improve reinforcement learning?,"The reconstruction-based representation learning method described in [13] maps high-dimensional states to a low-dimensional state representation space, which improves the sample efficiency and training stability of reinforcement learning.",doc_0_12,What is the reconstruction-based representation learning method described in [13]?,How is the reconstruction-based representation learning method applied to reinforcement learning?,What are the improvements in reinforcement learning resulting from the reconstruction-based representation learning method described in [13]?
What specific enhancements does M-CURL introduce to improve upon the CURL method?,"M-CURL improves upon the CURL method by leveraging both contrastive learning and masked pre-training, and by incorporating a Transformer module to capture correlations among consecutive frames in video data.",doc_0_12,What is the CURL method?,What specific enhancements does M-CURL introduce?,How do these enhancements improve upon the CURL method?
What is the purpose of incorporating a Transformer module in the described method?,The purpose of incorporating a Transformer module is to capture correlations among consecutive frames in video data.,doc_0_13,How is the Transformer module incorporated into the described method?,What is the function of the Transformer module in the described method?,Why is the Transformer module incorporated into the described method?
How has temporal abstraction been addressed to improve learning efficiency for agents?,"Temporal abstraction has been addressed through hierarchical reinforcement learning, which enables agents to discover hierarchies in states and actions for improved learning efficiency.",doc_0_13,What are the primary methods used to implement temporal abstraction for agents?,How does temporal abstraction specifically enhance the learning efficiency of agents?,What are the key challenges in applying temporal abstraction to improve agent learning efficiency?
What is the underlying principle of contrastive learning?,The underlying principle of contrastive learning revolves around learning representations by maximizing the similarity between positive pairs and minimizing the similarity between negative pairs.,doc_0_14,What is the fundamental goal of contrastive learning?,How does contrastive learning utilize positive and negative pairs?,What is the role of the loss function in implementing the principle of contrastive learning?
In which domains has the concept of contrastive learning been extensively explored?,"The concept of contrastive learning has been extensively explored across a spectrum of domains, encompassing computer vision and natural language processing.",doc_0_14,Which domains have explored the concept of contrastive learning?,Which of these domains have explored the concept of contrastive learning extensively?,How extensively has the concept of contrastive learning been explored in these domains?
What did MoCo incorporate to facilitate better feature extraction?,MoCo incorporated a momentum moving-averaged encoder to facilitate better feature extraction.,doc_0_15,What components did MoCo incorporate?,How do these incorporated components facilitate feature extraction?,What is the impact of these incorporated elements on the quality of feature extraction?
What is the overall goal of the intelligent machine agent (ego agent) described in the problem statement?,"The overall goal is to create an intelligent machine agent (ego agent) that uses its local observations to identify the intentions, behavioral preferences, or policies of other agents (modeled agents) within the same environment.",doc_0_15,Who is the intelligent machine agent (ego agent)?,What is the problem statement describing?,What is the overall goal of the ego agent in the problem statement?
How does the ego agent utilize representation vectors to interact with modeled agents?,The ego agent leverages representation vectors to generate corresponding policies to interact with the modeled agents through reinforcement learning training.,doc_0_16,What are the representation vectors used by the ego agent?,How are the modeled agents represented by these vectors?,How does the ego agent use these representation vectors to interact with the modeled agents?
"In the Partially Observable Stochastic Game (POSG) tuple (I, S, A, O, P, R), what do the components P and R represent?","P represents the state transition and observation probabilities, and R represents the reward function.",doc_0_16,"What does the component P represent in the POSG tuple (I, S, A, O, P, R)?","What does the component R represent in the POSG tuple (I, S, A, O, P, R)?","What do the components P and R represent in the POSG tuple (I, S, A, O, P, R)?"
"How can the fixed policies in the set Π be created, and how are they selected for the modeled agent?","Fixed policies in the set Π can be hand-coded or created via reinforcement learning, and they are randomly selected and made available for execution by the modeled agent.",doc_0_17,How can the fixed policies in the set Π be created?,What is the set Π of fixed policies?,How are the fixed policies in the set Π selected for the modeled agent?
What is the objective of training the ego agent's adaptive policy πα?,"The objective of training the ego agent's adaptive policy πα, which is parameterized by α, is to achieve the maximum expected return through interactions with the policies in the fixed policy set Π.",doc_0_17,,,
What is the purpose of the discount factor γ in the ego agent's reward function?,The purpose of the discount factor γ is to balance the trade-off between immediate return and long-term return.,doc_0_18,What is the role of the discount factor γ in the ego agent's reward function?,How does the discount factor γ modify the reward function for the ego agent?,Why is the discount factor γ included in the ego agent's reward function?
What input does the contrastive learning-based agent modeling model use to generate real-time policy representations of modeled agents?,"The contrastive learning-based agent modeling model takes an observation trajectory of the ego agent from the beginning of an episode 0 up to the current time t, i.e., τt = [oe 1, oe 2, ..., oe t], as its input.",doc_0_18,What inputs does the contrastive learning-based agent modeling model use?,How are these inputs used to generate policy representations of modeled agents?,How are these policy representations generated in real-time?
What specific information is the policy representation vector ct intended to encapsulate?,"The policy representation vector ct is intended to encapsulate the policy-specific information of the modeled agent, including its objectives, its behavioral characteristics, and policy information.",doc_0_19,What is the policy representation vector ct?,What specific information does the vector ct encapsulate?,What is the purpose of the information encapsulated in the policy representation vector ct?
What are the two components of the proposed CLAM model and their respective functions?,"The two components of the proposed CLAM model are a Transformer encoder, which transforms the original observation trajectory τt into a corresponding feature representation sequence Zt := {zi}i=0:t (where zi is the representation vector at time-step i), and an attention pooling module, which aggregates the temporal feature sequence Zt into a policy representation vector ct.",doc_0_19,What are the two components of the proposed CLAM model?,What is the function of the first component of the CLAM model?,What is the function of the second component of the CLAM model?
What is the purpose of the attention pooling module?,The purpose of the attention pooling module is to aggregate the temporal feature sequence Zt into a policy representation vector ct.,doc_0_20,What is an attention pooling module?,How does the attention pooling module function?,What specific goals does the attention pooling module aim to achieve?
Why are position embeddings used when encoding the ego agent's observation trajectory?,Position embeddings are used when encoding the ego agent's observation trajectory to retain temporal information.,doc_0_20,What is an ego agent's observation trajectory?,What is the role of position embeddings in encoding?,Why is positional information necessary when encoding the ego agent's observation trajectory?
How is the ego agent's observation trajectory encoded to retain temporal information?,"The ego agent's observation trajectory τ is encoded using a position embeddings method pos(·) to retain temporal information, expressed as τ′ = τ + pos(τ).",doc_0_21,What is the ego agent's observation trajectory?,How is the observation trajectory encoded?,How does the encoding process retain temporal information?
"In the multi-head self-attention method, how are the query Qn, key Kn, and value Vn derived from the encoded observation trajectory τ'?","In the multi-head self-attention method, the encoded observation trajectory τ' is projected into the query Qn, key Kn and value Vn as {Qn, Kn, Vn} = {τ'WQn, τ'WKn, τ'WVn}, where WQn, WKn, and WVn are learnable weight matrices.",doc_0_21,How is the query Qn derived from the encoded observation trajectory τ'?,How is the key Kn derived from the encoded observation trajectory τ'?,How is the value Vn derived from the encoded observation trajectory τ'?
How is the observation trajectory's feature representation sequence Zt obtained from the outputs of the individual attention heads?,"The observation trajectory's feature representation sequence Zt is obtained by concatenating the outputs of each head (h1, h2, . . . , hn) and linearly transforming them using a trainable weight matrix WO, expressed as Zt = concat(h1, h2, . . . , hn)WO.",doc_0_22,What are the outputs of the individual attention heads?,How are the outputs of the individual attention heads combined?,How does this combination result in the observation trajectory's feature representation sequence Zt?
Why do the authors believe that an attention mechanism is better than conventional average pooling for aggregating the feature embedding sequence into a policy representation vector?,The authors believe that an attention mechanism might be better than conventional average pooling because each vector in the trajectory might have a different contribution to the final policy representation vector.,doc_0_22,How does conventional average pooling aggregate the feature embedding sequence into a policy representation vector?,How does an attention mechanism aggregate the feature embedding sequence into a policy representation vector?,What specific advantages does the attention mechanism provide over average pooling for creating the policy representation vector?
Why do the authors believe that an attention mechanism is better than average pooling for capturing patterns within the trajectory?,The authors believe that an attention mechanism might better capture complex temporal relationships and patterns within the trajectory because each vector in the trajectory might have a different contribution to the final policy representation vector.,doc_0_23,How does average pooling capture patterns within the trajectory?,How does an attention mechanism capture patterns within the trajectory?,What are the specific reasons the authors believe the attention mechanism is superior to average pooling for this purpose?
What is the function of the special trainable policy token P in the attention pooling mechanism?,The special trainable policy token P serves as the query in the attention mechanism to aggregate the feature embedding sequence Zt into a single policy representation vector ct.,doc_0_23,What is the special trainable policy token P?,What is the attention pooling mechanism?,How does the special trainable policy token P function within the attention pooling mechanism?
How does attention-based pooling compare to average pooling in terms of the agent's returns?,Attention-based pooling helps the agent to get higher returns compared to average pooling.,doc_0_24,What are the agent's returns when using attention-based pooling?,What are the agent's returns when using average pooling?,How do the agent's returns differ between attention-based pooling and average pooling?
"In the contrastive learning training process, how are positive and negative sample pairs defined?","Positive sample pairs are two cropped samples extracted from the same original trajectory, while negative sample pairs are trajectory samples cropped from different original trajectory samples.",doc_0_24,What is the definition of a positive sample pair in contrastive learning?,What is the definition of a negative sample pair in contrastive learning?,How are these positive and negative sample pairs utilized within the contrastive learning training process?
What is the difference between strong augmentation and weak augmentation in the described asymmetric sample augmentation approach?,"Strong augmentation refers to the sample set S'' that is subjected to mask-based augmentation, which involves randomly masking a certain ratio of observation steps in the trajectory sample and replacing them with 0. Weak augmentation refers to the unaltered sample set S'.",doc_0_25,What is strong augmentation in the asymmetric sample augmentation approach?,What is weak augmentation in the asymmetric sample augmentation approach?,How do strong and weak augmentations differ within the asymmetric sample augmentation approach?
What is the underlying rationale for using asymmetric sample augmentation to enhance the performance of contrastive learning models?,The underlying rationale for using asymmetric sample augmentation is to compel the model to extract more representative policy features from sparser and less informative observation trajectories.,doc_0_25,What are the fundamental principles of contrastive learning models?,What is the nature of asymmetric sample augmentation?,How does asymmetric sample augmentation enhance the performance of contrastive learning models?
What is the intended effect of compelling the model to extract more representative policy features from sparser and less informative observation trajectories?,"The intended effect is to enhance the model’s ability to capture subtle patterns, making it more adept at handling real-time policy representation tasks.",doc_0_26,What are sparser and less informative observation trajectories?,What does it mean for a model to extract more representative policy features from these trajectories?,What is the intended effect of compelling the model to perform this extraction?
Which two elements are combined to condition the optimal policy during the reinforcement learning training of adaptive policies?,The real-time output policy representation vector ct from the agent modeling mode and the ego agent’s observation state oe t are combined to condition the optimal policy.,doc_0_26,What is the reinforcement learning training process for adaptive policies?,What is the optimal policy in the context of adaptive policies?,Which two elements are combined to condition this optimal policy?
How is the optimal policy conditioned to generate action outputs specialized for the representation information ct?,"The optimal policy is conditioned by combining the real-time output policy representation vector ct from the agent modeling mode with the ego agent’s observation state oe t, expressed as πα(at|oe t, ct).",doc_0_27,How is the representation information ct used to condition the optimal policy?,How does the conditioning of the optimal policy influence the generation of action outputs?,In what way are the action outputs specialized for the representation information ct?
"Which reinforcement learning algorithm was selected as the backbone for training, and which algorithm was used to demonstrate the generalizability of CLAM?","Proximal Policy Optimization (PPO) was selected as the backbone algorithm for reinforcement learning training, and Deep Q-Network (DQN) was used to demonstrate the generalizability of CLAM.",doc_0_27,Which reinforcement learning algorithm was selected?,Which reinforcement learning algorithm was the backbone for training?,Which algorithm was used to demonstrate the generalizability of CLAM?
What are the specific components initialized for the CLAM system in the Model and Adaptive Policy Training?,"The specific components initialized for the CLAM system are the CLAM encoder fθ, pooling function poolϕ, CLAM target encoder f ′ θ, target pooling function pool′ ϕ, Clam replay buffer B, and CLAM update frequence freqCLAM.",doc_0_28,What components are initialized for the CLAM system in the Model training?,What components are initialized for the CLAM system in the Adaptive Policy Training?,What are the specific components initialized for the CLAM system?
"In the training loop, how is the policy embedding ct computed?",The policy embedding ct is computed as ct = pool′ ϕ(f ′ θ(τepisode)).,doc_0_28,What inputs are used to compute the policy embedding ct?,What is the mathematical process for calculating the policy embedding ct?,At what point in the training loop is the policy embedding ct computed?
What are the conditions that must be met to update the CLAM encoder fθ and pooling function poolϕ?,The conditions that must be met to update the CLAM encoder fθ and pooling function poolϕ are that episode mod freqCLAM = 0 and |B| ≥ buffer capacity.,doc_0_29,What are the conditions that must be met to update the CLAM encoder fθ?,What are the conditions that must be met to update the pooling function poolϕ?,What are the conditions that must be met to update both the CLAM encoder fθ and the pooling function poolϕ?
"In the objective function J PPO(α), what does the advantage function At represent?","At is the advantage function, representing the advantage of taking action at given observation oe t and real-time policy representation vect",doc_0_29,What is the objective function J PPO(α)?,What is the advantage function At?,How does the advantage function At relate to the objective function J PPO(α)?
"In the context of the PPO's policy updates, what does the advantage function At represent?",The advantage function At represents the advantage of taking action at given observation oe t and real-time policy representation vector ct.,doc_0_30,What is the general definition of the advantage function At in reinforcement learning?,How is the advantage function At utilized specifically within the PPO policy update process?,What does the value of At indicate about the quality of a chosen action relative to the average value of the state?
What are the three multi-agent environments used for evaluation in the experiments section?,"The three multi-agent environments used for evaluation are Level-based foraging, Predator prey, and SMAC.",doc_0_30,What is the first multi-agent environment used for evaluation in the experiments section?,What is the second multi-agent environment used for evaluation in the experiments section?,What is the third multi-agent environment used for evaluation in the experiments section?
"Which three multi-agent environments were selected for evaluation, and how is each one categorized?","The three multi-agent environments selected for evaluation are level-based foraging, categorized as a cooperative environment; predator-prey, categorized as a competitive environment; and StarCraft Multi-Agent Challenge (SMAC), categorized as a mixed cooperative and competitive environment.",doc_0_31,Which multi-agent environments were selected for evaluation?,How many multi-agent environments were selected for evaluation?,How is each of these multi-agent environments categorized?
What are the six action options available to an agent in the level-based foraging environment?,"The six action options available to an agent in the level-based foraging environment are up, down, left, right, stay still, and pick the apple.",doc_0_31,What is the level-based foraging environment?,What is the agent in the level-based foraging environment?,What are the six action options available to the agent?
What are the requirements for agents to successfully pick up an apple in this environment?,Agents can successfully pick up an apple when one or both agents are located in one of the four grid cells adjacent to the targeted apple and the sum of the agents’ levels is not less than the apple’s level.,doc_0_32,What are the requirements for the agents to successfully pick up the apple?,What are the requirements for the apple to be successfully picked up?,What are the requirements for the environment to allow agents to successfully pick up the apple?
How is the team's performance measured to indicate the efficiency of cooperation between the agents?,"The team's performance is measured by computing the total reward obtained by both agents as the team returns in each episode, with a higher value indicating more efficient cooperation among the agent team.",doc_0_32,How is the team's performance measured?,How is the efficiency of cooperation between the agents measured?,How does the measurement of team performance indicate the efficiency of cooperation between the agents?
"In the Predator-prey environment, what are the reward values assigned to the prey and predators when a predator collides with the prey, and when two predators collide with each other?","When a predator collides with the prey, the prey receives -10 and the predator receives +10, and when two predators collide, each predator receives -3 and the prey receives +3.",doc_0_33,What is the reward value assigned to the predator when it collides with the prey?,What is the reward value assigned to the prey when a predator collides with it?,What are the reward values assigned to the predators when two predators collide with each other?
What is the intended purpose of the reward scheme in the Predator-prey environment regarding the prey's learning behavior?,The reward scheme encourages the prey to learn an adversarial policy by evading the predator team’s pursuit while inducing more chaos and collisions among them.,doc_0_33,What is the reward scheme in the Predator-prey environment?,What is the prey's learning behavior in the Predator-prey environment?,What is the intended purpose of the reward scheme regarding the prey's learning behavior?
What is the purpose of employing agent modeling methods to acquire informative policy representations?,The purpose of employing agent modeling methods to acquire informative policy representations is so that the ego agent can learn a targeted adversarial policy based on different opponent policies to obtain greater rewards.,doc_0_34,What are agent modeling methods?,What are informative policy representations?,How does the employment of agent modeling methods facilitate the acquisition of informative policy representations?
What is the StarCraft Multi-Agent Challenge (SMAC) used to evaluate?,"The StarCraft Multi-Agent Challenge (SMAC) is used to evaluate decentralized control tasks, where allied agents must learn to coordinate effectively to defeat enemy agents controlled by built-in AI.",doc_0_34,What is the StarCraft Multi-Agent Challenge (SMAC)?,What specific multi-agent systems or algorithms is SMAC designed to evaluate?,What are the evaluation metrics used within the StarCraft Multi-Agent Challenge (SMAC)?
What components make up the discrete action space available to each agent in the benchmark scenario?,"The discrete action space available to each agent includes movement in four cardinal directions, stopping, attacking a specific enemy unit, and using special abilities if applicable.",doc_0_35,What is the discrete action space in the benchmark scenario?,What components make up this discrete action space?,How is this discrete action space available to each agent?
How is the mixed cooperative-competitive environment created in terms of the allied agents' strategies?,"The mixed cooperative-competitive environment is created by having one ally agent follow a fixed adversarial strategy, picked from a diverse adversarial policy set generated using the evolutionary generation method proposed in ROMANCE, while the remaining allied agents must learn to cooperate to compete against the enemy team.",doc_0_35,What cooperative strategies are employed by the allied agents?,What competitive strategies are employed by the allied agents?,How do these cooperative and competitive strategies interact to create a mixed environment?
How do allied agents adapt their cooperative policy to achieve victory in the mixed cooperative-competitive scenario?,Allied agents achieve victory in the mixed cooperative-competitive scenario by using agent modeling methods to infer the policy used by the adversarial teammate based on local observations and adapting their cooperative policy accordingly.,doc_0_36,What is the mixed cooperative-competitive scenario in which allied agents operate?,How do allied agents adapt their cooperative policy within this scenario?,How does the adaptation of the cooperative policy enable allied agents to achieve victory?
What is the purpose of including the No Agent Modeling (NAM) method as a baseline in the comparative experiments?,The No Agent Modeling (NAM) method serves as a benchmark to evaluate whether agent modeling methods enhance the ego agent’s policy performance.,doc_0_36,What is the No Agent Modeling (NAM) method?,What is the role of a baseline in comparative experiments?,Why is the NAM method specifically used as a baseline in these comparative experiments?
What is the purpose of using NAM as a benchmark in the context of agent modeling methods?,"NAM serves as a benchmark to evaluate whether agent modeling methods enhance the ego agent’s policy performance and, if so, to quantify the degree of that improvement.",doc_0_37,What is NAM in the context of agent modeling methods?,How is NAM used as a benchmark for agent modeling methods?,What is the purpose of using NAM as a benchmark in the context of agent modeling methods?
How does the Policy Representation Learning (PR) method aggregate feature vectors to obtain the representation of a trajectory?,The Policy Representation Learning (PR) method aggregates feature vectors using the average pooling method to obtain the trajectory’s representation.,doc_0_37,What feature vectors are used in the Policy Representation Learning (PR) method?,How does the Policy Representation Learning (PR) method aggregate these feature vectors?,How is the representation of a trajectory obtained through this aggregation process?
What is the difference between the data requirements for the Local Information Agent Modeling (LIAM) method during its training phase compared to its execution phase?,"During the training phase, the Local Information Agent Modeling (LIAM) method requires obtaining the modeled agent’s observations and actions for the reconstruction task, whereas during the execution phase, it only needs the ego agent’s observations and actions.",doc_0_38,What are the data requirements for the Local Information Agent Modeling (LIAM) method during its training phase?,What are the data requirements for the Local Information Agent Modeling (LIAM) method during its execution phase?,How do the data requirements for the training phase of the Local Information Agent Modeling (LIAM) method differ from those of the execution phase?
"In the policy evaluation described, what do the solid lines and shaded regions in Figure 4 represent?","The solid lines represent the average return values over five separate runs, and the shaded regions indicate the 95% confidence interval.",doc_0_38,What do the solid lines in Figure 4 represent?,What do the shaded regions in Figure 4 represent?,How do the solid lines and shaded regions in Figure 4 relate to the policy evaluation?
Why does the NAM baseline perform the worst across all environments?,The NAM baseline performs the worst because naïve reinforcement learning algorithms without agent modeling modules cannot acquire any auxiliary information to distinguish between the policies of its opponents or teammates.,doc_0_39,What is the performance of the NAM baseline across the environments?,How does the NAM baseline's performance compare across all environments?,What factors cause the NAM baseline to perform the worst across all environments?
What limitation of the PR method's point-wise encoding approach prevents it from accurately modeling agents' strategy features?,"The point-wise encoding approach of the PR method does not seem to effectively capture temporal relationships between trajectory steps, resulting in too few informative policy representation vectors for the model to accurately model the agents' strategy features.",doc_0_39,What is the point-wise encoding approach of the PR method?,What are the agents' strategy features that the PR method attempts to model?,How does the point-wise encoding approach limit the accurate modeling of these strategy features?
Why does LIAM result in policy representations with richer information than PR?,LIAM results in policy representations with richer information than PR because it employs a recurrent encoder and capitalizes on the temporal information within trajectories for effective representation learning.,doc_0_40,How does LIAM represent policies?,How does PR represent policies?,What makes the information in LIAM's policy representations richer than in PR's?
By what minimum percentage did CLAM improve the performance of naïve reinforcement learning across all environments?,CLAM improved naïve reinforcement learning performance by at least 28% across all environments.,doc_0_40,What is the performance of naïve reinforcement learning across all environments?,What is the performance of CLAM across all environments?,What is the minimum percentage improvement of CLAM over naïve reinforcement learning across all environments?
"What do the green, yellow, and blue stars represent in Figure 5?","Green stars indicate apples collected solely by the ego agent, yellow stars indicate those collected solely by the teammate, and blue stars indicate apples collected through cooperation.",doc_0_41,What do the green stars represent in Figure 5?,What do the yellow stars represent in Figure 5?,What do the blue stars represent in Figure 5?
Why does the performance improvement from agent modeling methods in policy learning become more significant in environments like SMAC?,The performance improvement from agent modeling methods in policy learning becomes more significant in environments like SMAC because the number of agents is larger and the environment settings are more complex.,doc_0_41,What are agent modeling methods in policy learning?,How do agent modeling methods improve performance in policy learning?,Why is the performance improvement from agent modeling methods more significant in SMAC environments?
Why is the attention mechanism believed to contribute to CLAM's ability to effectively model different adversarial policies?,The attention mechanism is believed to contribute to CLAM's ability to effectively model different adversarial policies because it captures long-range temporal patterns within the trajectory sequences.,doc_0_42,How does the attention mechanism function within CLAM?,What are the adversarial policies that CLAM aims to model?,How does the attention mechanism specifically contribute to the effective modeling of these adversarial policies?
What is the purpose of employing the mask method in the sample augmentation step of contrastive learning within the CLAM method?,"The purpose of employing the mask method in the sample augmentation step of contrastive learning within the CLAM method is to enhance the model’s capability to identify the most distinctive feature information within the trajectories of different policies, resulting in superior performance.",doc_0_42,What is the sample augmentation step in the CLAM method?,How is the mask method applied during the sample augmentation step of contrastive learning within the CLAM method?,What is the purpose of employing the mask method in the sample augmentation step of the CLAM method?
"In Fig. 5a, how does the ego agent react once it observes the teammate waiting beside apples that require cooperation?",The ego agent chooses to collaborate and follows the teammate to jointly collect all the apples that can only be harvested cooperatively.,doc_0_43,What does the ego agent observe regarding the teammate's position relative to the apples in Fig. 5a?,Do the apples the teammate is waiting beside require cooperation?,How does the ego agent react to this observation in Fig. 5a?
What strategy does the ego agent employ to maximize team rewards when the teammate is executing a random policy as shown in Fig. 5b?,"When the teammate executes a random policy as shown in Fig. 5b, the ego agent does not choose to follow the teammate or wait beside the apples requiring cooperation; instead, it independently collects all apples within its capability to maximize team rewards.",doc_0_43,What is the policy being executed by the teammate in Fig. 5b?,What is the objective of the ego agent regarding team rewards?,What strategy does the ego agent employ to maximize team rewards given the teammate's random policy?
How does the ego agent equipped with the agent policy modeling module maximize team rewards?,The ego agent equipped with the agent policy modeling module maximizes team rewards by independently collecting all apples within its capability and dynamically adjusting its policy in the same scenario based on the policies of different teammates.,doc_0_44,What is the agent policy modeling module of the ego agent?,How does the ego agent utilize the agent policy modeling module?,How does the ego agent maximize team rewards through the agent policy modeling module?
"In the t-SNE projection of the embeddings in the predator-prey environment, what do the different colors and points represent?","In the t-SNE projection of the embeddings in the predator-prey environment, different colors represent different fixed policies and different points represent different episodes.",doc_0_44,What do the points represent in the t-SNE projection of the embeddings in the predator-prey environment?,What do the different colors represent in the t-SNE projection of the embeddings in the predator-prey environment?,How are the embeddings in the predator-prey environment represented by the points and colors in the t-SNE projection?
What does the strong clustering of points of the same color in the t-SNE projection indicate about the CLAM model's capabilities?,The strong clustering of points of the same color indicates that the CLAM model can identify and differentiate the behavioral characteristics of different predator team policies.,doc_0_45,What does the strong clustering of points of the same color in the t-SNE projection signify?,How does the t-SNE projection relate to the CLAM model?,What do these clustering patterns indicate about the capabilities of the CLAM model?
Why is there an overlap between Policy 5 and Policy 8 in the two-dimensional space of policy representation embeddings?,There is an overlap between Policy 5 and Policy 8 because these two policy combinations inherently share similar features.,doc_0_45,What are the policy representation embeddings for Policy 5 and Policy 8?,How is the two-dimensional space of policy representation embeddings constructed?,What factors contribute to the overlap between Policy 5 and Policy 8 in this two-dimensional space?
Why did the self-supervised contrastive learning scheme struggle to distinguish between Policy 5 and Policy 8?,The self-supervised contrastive learning scheme struggled to distinguish between Policy 5 and Policy 8 because these two policy combinations inherently share similar features.,doc_0_46,How does the self-supervised contrastive learning scheme distinguish between policies?,What are Policy 5 and Policy 8?,What caused the struggle to distinguish between Policy 5 and Policy 8 in the self-supervised contrastive learning scheme?
What are the two different input configurations used for the agent action predictor in the predator-prey environment experiment?,"The two different input configurations used for the agent action predictor are one combining the real-time policy embeddings ct generated by the frozen CLAM model with the ego agent observation oe t, and the other relying solely on the observation.",doc_0_46,What is the agent action predictor in the predator-prey environment experiment?,What are the input configurations used for the agent action predictor?,What are the two different input configurations used in the predator-prey environment experiment?
What are the two different input configurations used to predict the actions of modeled agents at time step t?,"The two different input configurations are one combining the real-time policy embeddings ct generated by the frozen CLAM model with the ego agent observation oe t, and the other relying solely on the observation oe t.",doc_0_47,What are the input configurations used to predict actions?,Which agents are being modeled for these predictions?,At what time step are the actions of these modeled agents predicted?
What is the purpose of assessing whether policy embeddings provide sufficient context information in this experiment?,The purpose is to assess whether the policy embeddings provide sufficient context information to enable the ego agent to gain a deeper understanding of the environment and make more informed decisions.,doc_0_47,What are policy embeddings in this experiment?,What is the context information provided by policy embeddings?,What is the purpose of assessing whether this context information is sufficient?
"According to Table I, what is the Intra-Inter Clustering Ratio (IICR) for the CLAM-avg method at time step 10?",The Intra-Inter Clustering Ratio (IICR) for the CLAM-avg method at time step 10 is 0.94.,doc_0_48,Which table contains the data for the CLAM-avg method?,What is the time step for the CLAM-avg method in Table I?,What is the Intra-Inter Clustering Ratio (IICR) for the CLAM-avg method at time step 10 in Table I?
Why is the predictive accuracy of both CLAM and NAM approximately 20% at time step 0?,"At time step 0, both CLAM and NAM’s predictive accuracy is approximately 20% because the model lacks sufficient context information to infer other agents’ actions.",doc_0_48,What is the predictive accuracy of CLAM at time step 0?,What is the predictive accuracy of NAM at time step 0?,Why is the predictive accuracy of both CLAM and NAM approximately 20% at time step 0?
How does the accuracy of the baseline NAM compare to the CLAM model over the course of an episode?,"The baseline NAM shows a slight improvement in accuracy only during the early stages of the episode, but after approximately 10 steps, its accuracy stagnates and remains consistently below 50%, while the CLAM model stabilizes above 70% after step 30.",doc_0_49,What is the accuracy of the baseline NAM over the course of an episode?,What is the accuracy of the CLAM model over the course of an episode?,How does the accuracy of the baseline NAM differ from that of the CLAM model over the course of an episode?
What are the primary objectives of the ablation studies conducted for the CLAM model?,The primary objectives of the ablation studies conducted for the CLAM model are to examine the effectiveness of attention pooling and evaluate the impact of asymmetric sample augmentation strategies.,doc_0_49,What is the CLAM model?,What are the ablation studies conducted for the CLAM model?,What are the primary objectives of these ablation studies?
What are the two alternative feature aggregation methods compared to attention-based pooling in the CLAM model?,"The two alternative feature aggregation methods are CLAM-avg, which replaces attention pooling with average pooling by computing the mean of all feature vectors, and CLAM-p, which replaces attention pooling by learning a weight vector p(1, t) to aggregate policy features along the temporal dimension t.",doc_0_50,What is the CLAM model?,What is attention-based pooling in the CLAM model?,What are the two alternative feature aggregation methods compared to attention-based pooling in the CLAM model?
What is the purpose of using the CLAM-p method in the evaluation of feature aggregation?,"The purpose of using the CLAM-p method is to assess whether a simpler, more computationally efficient learnable vector can achieve a similar effect as attention pooling.",doc_0_50,What is the CLAM-p method?,What is feature aggregation?,How is the CLAM-p method used in the evaluation of feature aggregation?
"What does the Intra-Inter Clustering Ratio (IICR) measure, and what does a value below 1 signify regarding feature representation?","The Intra-Inter Clustering Ratio (IICR) measures the clustering properties of policy embeddings in an embedding space. An IICR value below 1 indicates effective feature representation by grouping similar samples and separating dissimilar ones, with lower values signifying stronger clustering and better representation performance.",doc_0_51,What does the Intra-Inter Clustering Ratio (IICR) measure?,What does a value below 1 signify in the context of the IICR?,What does a value below 1 signify regarding feature representation?
"Among the three feature aggregation methods mentioned, which one consistently achieves the highest scores and which one scores the lowest?","The CLAM method consistently achieves the highest scores, while the CLAM-avg method scores the lowest.",doc_0_51,What are the three feature aggregation methods mentioned?,Which of these feature aggregation methods consistently achieves the highest scores?,Which of these feature aggregation methods consistently achieves the lowest scores?
How does the attention pooling module contribute to the creation of more informative policy representations in the CLAM method?,"The attention pooling module contributes to more informative policy representations by better focusing on crucial temporal features in the ego agent’s observation trajectories, which leads to a more distinct aggregation of feature vectors.",doc_0_52,What is the function of the attention pooling module in the CLAM method?,How does the attention pooling module influence the creation of policy representations?,Why does the use of the attention pooling module result in more informative policy representations?
Why is the CLAM-p method considered more effective than the CLAM-avg method?,The CLAM-p method is considered more effective than the CLAM-avg method because its trained weight vector can allocate weights more effectively than simply averaging the feature sequence.,doc_0_52,What is the CLAM-p method?,What is the CLAM-avg method?,What are the specific differences that make the CLAM-p method more effective than the CLAM-avg method?
What two indicators are used to demonstrate that CLAM outperforms CLAM-sym?,The two indicators used to demonstrate that CLAM outperforms CLAM-sym are higher returns and IICR values.,doc_0_53,What is CLAM?,What is CLAM-sym?,What two indicators demonstrate that CLAM outperforms CLAM-sym?
How does the symmetric sample augmentation in CLAM-sym differ from the asymmetric approach?,"CLAM-sym differs from the asymmetric approach by removing the masking-based augmentation applied to one side of the contrastive learning sample pairs, resulting in a symmetric sample augmentation setting.",doc_0_53,What is symmetric sample augmentation in CLAM-sym?,What is the asymmetric approach to sample augmentation in CLAM-sym?,What are the primary differences between the symmetric and asymmetric sample augmentation approaches in CLAM-sym?
How was the policy prediction experiment structured to compare the performance of CLAM and CLAM-sym?,"To compare the performance of CLAM and CLAM-sym, the policy prediction experiment involved freezing the trained CLAM and CLAM-sym encoders and attaching an MLP-based prediction head to classify policy types based on the learned representation embeddings. Prediction accuracy was then evaluated across observation trajectories of varying lengths from 0 to 49.",doc_0_54,What was the structure of the policy prediction experiment?,How was the performance of CLAM evaluated in the experiment?,How was the performance of CLAM-sym evaluated in the experiment?
What is the difference in prediction accuracy between CLAM and CLAM-sym within the first 10 time steps of an episode?,"Within the first 10 time steps, CLAM reaches 60% accuracy, whereas CLAM-sym achieves less than 40%.",doc_0_54,What is the prediction accuracy of CLAM within the first 10 time steps of an episode?,What is the prediction accuracy of CLAM-sym within the first 10 time steps of an episode?,What is the difference between the prediction accuracy of CLAM and CLAM-sym within the first 10 time steps of an episode?
How does the masked-based asymmetric sample augmentation method contribute to the model's prediction accuracy for shorter observation trajectories?,"The masked-based asymmetric sample augmentation method encourages the model to capture the most essential and discriminative features and identify similarities among more sparse sample features, which enhances the model's prediction accuracy for shorter observation trajectories.",doc_0_55,What is the masked-based asymmetric sample augmentation method?,How does the masked-based asymmetric sample augmentation method affect the model's prediction accuracy?,How does this method specifically contribute to the prediction accuracy for shorter observation trajectories?
What architectural elements are integrated into the novel agent modeling model to capture real-time policy representations using only observation signals from the ego agent?,The novel agent modeling model leverages a Transformer encoder and an attention-pooling module to capture real-time policy representations using only observation signals from the ego agent.,doc_0_55,Which architectural elements are integrated into the novel agent modeling model?,How do these architectural elements capture real-time policy representations?,How does the model utilize only observation signals from the ego agent to achieve these representations?
How does the integration of the attention mechanism benefit the proposed model's capacity for representation?,"The integration of the attention mechanism empowers the proposed model to efficiently learn how to capture useful information from the ego agent’s local observation, thereby substantially augmenting the model’s capacity for representation.",doc_0_56,How is the attention mechanism integrated into the proposed model?,How does the attention mechanism influence the model's capacity for representation?,What specific benefits does the integration of the attention mechanism provide for the proposed model's representation capacity?
What combination of techniques was used to train the policy encoder in a self-supervised manner to model agent policies?,The policy encoder was trained in a self-supervised manner using contrastive learning combined with an innovative asymmetric sample augmentation technique for creating positive sample pairs.,doc_0_56,What techniques were used to train the policy encoder?,How was the policy encoder trained in a self-supervised manner?,How does the policy encoder model agent policies?
How does the CLAM model differ from baseline methods regarding the observations it requires as input?,"Unlike baseline methods, the CLAM model eliminates the necessity to rely on long-range trajectories or acquire observations from the perspective of the modeled agent, exclusively relying on the observations of the ego agent as the model's input.",doc_0_57,What observations does the CLAM model require as input?,What observations do the baseline methods require as input?,How do the input observations of the CLAM model differ from those of the baseline methods?
"In the context of future work in human-machine collaboration environments, how will the CLAM model process visual inputs to extract human behavior and environmental features?","In human-machine collaboration environments, the CLAM model will process visual inputs by extracting human behavior and environmental features through a vision model.",doc_0_57,How will the CLAM model process visual inputs within human-machine collaboration environments?,How will the CLAM model extract human behavior from these visual inputs?,How will the CLAM model extract environmental features from these visual inputs?
What are some examples of scenarios where the proposed approach could make multi-agent reinforcement learning methods applicable for human-machine collaboration to achieve a common goal?,Examples of scenarios include manufacturing or logistics.,doc_0_58,What are some scenarios involving human-machine collaboration to achieve a common goal?,How can multi-agent reinforcement learning methods be applied to these collaboration scenarios?,How does the proposed approach enable the application of these multi-agent reinforcement learning methods in those scenarios?
Which specific grants from the Australian Research Council (ARC) provided support for this work?,The Australian Research Council (ARC) provided support under Grant DP220100803 and Grant DP250103612.,doc_0_58,Which grants were provided by the Australian Research Council (ARC)?,Which of these grants provided support?,Which of these grants were for this work?
"Who are the authors of the paper titled ""Learning to coordinate with anyone""?","The authors of the paper titled ""Learning to coordinate with anyone"" are L. Yuan, L. Li, Z. Zhang, F. Chen, T. Zhang, C. Guan, Y. Yu, and Z.-H. Zhou.",doc_0_59,What is the paper titled 'Learning to coordinate with anyone'?,Who are the authors of the paper 'Learning to coordinate with anyone'?,Which authors wrote the paper 'Learning to coordinate with anyone'?
"In which journal was the article ""If multi-agent learning is the answer, what is the question?"" published?","The article ""If multi-agent learning is the answer, what is the question?"" was published in the journal Artificial intelligence.",doc_0_59,"What is the article 'If multi-agent learning is the answer, what is the question?'","Where was the article 'If multi-agent learning is the answer, what is the question?' published?","Which journal published the article 'If multi-agent learning is the answer, what is the question?'"
Which two papers listed were published in the International conference on machine learning (PMLR)?,The two papers published in the International conference on machine learning (PMLR) are “Opponent modeling in deep reinforcement learning” and “Learning policy representations in multiagent systems”.,doc_0_60,Which papers are listed?,Which papers were published in the International conference on machine learning (PMLR)?,Which two papers listed were published in the International conference on machine learning (PMLR)?
Who are the authors of the 2018 book published by MIT press?,R. S. Sutton and A. G. Barto,doc_0_60,,,
Who are the authors of the paper titled 'Attention is all you need'?,"The authors of the paper titled 'Attention is all you need' are J. Uszkoreit, L. Jones, A. N. Gomez, Ł. Kaiser, and I. Polosukhin.",doc_0_61,,,
Which paper published in the 2016 IEEE/RSJ international conference on intelligent robots and systems (IROS) discusses stable reinforcement learning with autoencoders?,"The paper is ""Stable reinforcement learning with autoencoders for tactile and visual data"" by H. Van Hoof, N. Chen, M. Karl, P. van der Smagt, and J. Peters.",doc_0_61,Which papers were published in the 2016 IEEE/RSJ International Conference on Intelligent Robots and Systems (IROS)?,Which of these papers discuss autoencoders?,Which of these papers discuss stable reinforcement learning with autoencoders?
Who are the authors of the paper titled 'Curl: Contrastive unsupervised representations for reinforcement learning'?,"The authors of the paper titled 'Curl: Contrastive unsupervised representations for reinforcement learning' are M. Laskin, A. Srinivas, and P. Abbeel.",doc_0_62,What is the paper titled 'Curl: Contrastive unsupervised representations for reinforcement learning'?,Who are the authors of the paper 'Curl: Contrastive unsupervised representations for reinforcement learning'?,Which authors are credited in the paper 'Curl: Contrastive unsupervised representations for reinforcement learning'?
In which journal was the paper 'Masked contrastive representation learning for reinforcement learning' published?,IEEE Transactions on Pattern Analysis and Machine Intelligence,doc_0_62,What is the paper 'Masked contrastive representation learning for reinforcement learning'?,Was the paper 'Masked contrastive representation learning for reinforcement learning' published in a journal?,In which journal was the paper 'Masked contrastive representation learning for reinforcement learning' published?
Who are the authors of the paper titled 'A survey on contrastive self-supervised learning'?,"The authors of the paper titled 'A survey on contrastive self-supervised learning' are A. Jaiswal, A. R. Babu, M. Z. Zadeh, D. Banerjee, and F. Makedon.",doc_0_63,Which paper is titled 'A survey on contrastive self-supervised learning'?,Who are the authors of the paper 'A survey on contrastive self-supervised learning'?,Which authors are credited for the paper 'A survey on contrastive self-supervised learning'?
In which publication and year was the paper 'Dynamic programming for partially observable stochastic games' published?,The paper 'Dynamic programming for partially observable stochastic games' was published in AAAI in 2004.,doc_0_63,Which paper is titled 'Dynamic programming for partially observable stochastic games'?,In which publication was the paper 'Dynamic programming for partially observable stochastic games' published?,In which year was the paper 'Dynamic programming for partially observable stochastic games' published?
Who are the authors of the paper titled 'Bert: Pre-training of deep bidirectional transformers for language understanding'?,"The authors are J. Devlin, M.-W. Chang, K. Lee, and K. Toutanova.",doc_0_64,Which paper is titled 'Bert: Pre-training of deep bidirectional transformers for language understanding'?,Who are the authors of the paper 'Bert: Pre-training of deep bidirectional transformers for language understanding'?,Which authors are credited in the paper 'Bert: Pre-training of deep bidirectional transformers for language understanding'?
Which paper was published in the Proceedings of the IEEE/CVF Conference on Computer Vision and Pattern Recognition in 2022?,"On the importance of asymmetry for siamese representation learning by X. Wang, H. Fan, Y. Tian, D. Kihara, and X. Chen.",doc_0_64,What is the Proceedings of the IEEE/CVF Conference on Computer Vision and Pattern Recognition?,Which papers were published in the Proceedings of the IEEE/CVF Conference on Computer Vision and Pattern Recognition?,Which of those papers were published in 2022?
Who are the authors of the 2017 arXiv preprint titled “Proximal policy optimization algorithms”?,"The authors are J. Schulman, F. Wolski, P. Dhariwal, A. Radford, and O. Klimov.",doc_0_65,What is the arXiv preprint titled “Proximal policy optimization algorithms”?,In what year was the arXiv preprint “Proximal policy optimization algorithms” published?,Who are the authors of the 2017 arXiv preprint titled “Proximal policy optimization algorithms”?
What is the volume and page range for the paper “Shared experience actor-critic for multi-agent reinforcement learning” published in Advances in neural information processing systems?,The volume is 33 and the page range is 10 707–10 717.,doc_0_65,What is the volume of the paper “Shared experience actor-critic for multi-agent reinforcement learning” published in Advances in neural information processing systems?,What is the page range of the paper “Shared experience actor-critic for multi-agent reinforcement learning” published in Advances in neural information processing systems?,In which publication is the paper “Shared experience actor-critic for multi-agent reinforcement learning” published?
Who are the authors of the paper titled 'The starcraft multi-agent challenge'?,"M. Samvelyan, T. Rashid, C. S. De Witt, G. Farquhar, N. Nardelli, T. G. Rudner, C.-M. Hung, P. H. Torr, J. Foerster, and S. Whiteson.",doc_0_66,What is the paper titled 'The starcraft multi-agent challenge'?,Who are the authors of 'The starcraft multi-agent challenge'?,Which authors are listed in 'The starcraft multi-agent challenge'?
In which journal was the paper 'Visualizing data using t-sne' published?,Journal of machine learning research,doc_0_66,What is the paper 'Visualizing data using t-sne'?,Was the paper 'Visualizing data using t-sne' published in a journal?,Which journal published the paper 'Visualizing data using t-sne'?
